Lokasi,Komoditas,Januari 2018,Februari 2018,Maret 2018,April 2018,Mei 2018,Juni 2018,Juli 2018,Agustus 2018,September 2018,Oktober 2018,November 2018,Desember 2018,Januari 2019,Februari 2019,Maret 2019,April 2019,Mei 2019,Juni 2019,Juli 2019,Agustus 2019,September 2019,Oktober 2019,November 2019,Desember 2019,Januari 2020,Februari 2020,Maret 2020,April 2020,Mei 2020,Juni 2020,Juli 2020,Agustus 2020,September 2020,Oktober 2020,November 2020,Desember 2020,Januari 2021,Februari 2021,Maret 2021,April 2021,Mei 2021,Juni 2021,Juli 2021,Agustus 2021,September 2021,Oktober 2021,November 2021,Desember 2021,Januari 2022,Februari 2022,Maret 2022,April 2022,Mei 2022,Juni 2022,Juli 2022,Agustus 2022,September 2022,Oktober 2022,November 2022,Desember 2022,Januari 2023,Februari 2023,Maret 2023,April 2023,Mei 2023,Juni 2023
Aceh,Bawang merah,30152.17,27000,,33583.33,36500,37642.86,33250,,26250,21000,25693.18,32133.33,32318.18,30409.09,32725,40000,40000,39610,31571.74,28341.18,,23865.22,30902.38,32150,44138.89,43957.58,39352.63,45033.33,61945.24,50304.35,33647.83,31609.09,28517.5,32614.29,37864.29,36982.5,36675,34460.53,34236.36,34802.27,33886.11,30878.57,33235.71,33105,26836.36,25972.5,27800,29636.96,29742.86,31905.56,35854.55,35020,40523.33,58076.92,57969.05,34695.65,33293.18,35219.05,35350,33140.91,35728.57,38397.5,34733.33,33123.68,34440.48,35452.94
Sumatera Utara,Bawang merah,25234.78,22675,22400,36795.24,35606.25,32800,29303.33,27150,21362.5,21775,25013.64,26900,26629.55,25318.75,33235,34466.67,34316.67,35240.91,32651.85,25796.67,,22918.06,28372.58,30400,37900,33839.77,32462.75,41387.5,54028.85,44523.21,30991.07,25421.15,26059.18,28707.69,32109.26,30404.55,28705,28066.67,29897.83,31863.04,30982.5,29078.26,29526.19,32187.5,29104.17,28105,27582.61,27993.48,29245.24,31027.78,32686.36,32475,40031.67,52494.87,52469.05,37278.26,33161.36,32557.14,31713.64,30845.45,33340.48,35045,32373.81,30131.58,30414.29,33005.88
Sumatera Barat,Bawang merah,22680.43,20650,,33038.1,29364.29,24857.14,26384.38,,19225,15900,17961.36,25770,24770.45,22110,31000,34825,33825,31566.67,26765.22,19228.57,,20937.93,25191.67,25800,33620.27,32602.78,32155.95,37954.84,49784.78,39291.67,23298,20611.67,22443.86,23539.58,28170.83,25505,25825,24721.67,27637.04,26623.91,26826.32,23780.95,25509.09,30273.81,25626.79,21277.08,18795.71,23788,26200,27850,28730.43,31602.5,44861.67,51879.49,48197.62,29558.7,28070.45,29221.43,28279.55,23209.09,30071.43,30315,29740.48,27218.42,29307.14,29361.76
Riau,Bawang merah,22826.09,21475,,33938.1,29064.29,28608.33,26978.13,24150,20387.5,20025,22693.18,24665.63,26218.18,23544.44,31820,32000,32000,34209.09,29869.57,24479.41,,22243.48,27600,28200,35076.47,31196.97,31048.72,38173.44,51741.3,42306.52,28384.78,24756.82,25318.75,28264.29,31176.19,28885,26135,26947.37,28950,29272.73,29755.26,25423.81,27369.05,29500,25295.45,24512.5,23220.45,25104.35,25923.81,28630.56,31177.27,31740,39378.33,47573.08,47940.48,33441.3,31702.27,31747.62,30747.73,28029.55,32023.81,34390,31383.33,29557.89,31542.86,33855.88
Jambi,Bawang merah,19239.13,18000,,33478.57,29531.25,24750,23281.25,23000,19000,20200,23045.45,24250,24493.18,21135,28902.5,31300,31300,32500,26456.52,20632.35,,20076.09,26014.29,28038.89,29908.82,27645.45,29147.37,37813.33,47139.13,41393.48,27704.35,23806.82,24443.75,24030.95,28919.05,25962.5,24900,24397.37,28011.36,27607.14,28842.11,22916.67,25761.9,27612.5,24318.18,23412.5,19022.73,21236.96,22928.57,30750,32056.82,32212.5,40908.33,50666.67,46940.48,29945.65,28886.36,30266.67,27965.91,26761.36,31952.38,31887.5,29571.43,26618.42,28261.9,30794.12
Sumatera Selatan,Bawang merah,23319.57,20500,25250,35800,37142.86,38050,33273.33,25350,26125,24380,28129.55,29026.67,32750,30033.33,34557.5,40616.67,39500,37140,30662.2,27229.17,,24478.26,29897.62,32462.5,38527.78,35112.12,40460.53,45733.33,52554.76,50584.78,36154.35,28927.27,29215,32097.62,35311.9,31432.5,29140,31886.84,36515.91,34390.48,33752.78,30676.19,33461.9,30990.48,25700,26183.33,24604.55,25430.43,27688.1,35005.56,36186.36,35840,43755,53894.87,56664.29,36834.78,32445.45,33533.33,32427.27,31463.64,37300,40550,36545.24,37734.21,39202.38,39402.94
Bengkulu,Bawang merah,24086.96,20000,,38285.71,36875,36800,33187.5,,23000,22000,24863.64,29200,30931.82,26700,34550,44000,,35000,30891.3,23847.22,,21521.74,28547.62,33333.33,36161.76,32743.94,36911.84,43518.33,52678.26,48610.87,33576.09,28121.43,29548.75,33560,38416.67,34181.58,30315,32263.16,38204.55,36500,35000,34047.62,35142.86,34950,29863.64,27450,26159.09,26608.7,29285.71,36750,38795.45,37000,45100,53653.85,59380.95,38152.17,34636.36,34833.33,35613.64,36250,42095.24,41757.5,37911.9,35602.63,38259.52,41055.88
Lampung,Bawang merah,16554.35,17250,,29188.1,29712.5,30957.14,24078.13,,18937.5,18190,21959.09,23580,24386.36,21257.14,28717.5,35450,31775,31212.5,25543.48,20702.94,,20123.91,26402.38,27805.56,28416.18,25345.45,30623.68,42306.67,47809.52,43532.61,29921.74,25568.18,25580,30107.14,31723.81,27847.5,25227.5,29689.47,31750,28647.62,29108.33,27485.71,30130.95,27682.5,23654.55,23247.5,19729.55,21219.57,23133.33,31561.11,28865.91,30475,40586.67,51458.97,53488.1,30769.57,29415.91,30026.19,28036.36,29420.45,36628.57,36417.5,30764.29,36171.05,40295.24,38400
Bangka Belitung,Bawang merah,26695.65,25000,,38083.33,38812.5,40750,35828.13,30000,25500,22700,27363.64,30062.5,29863.64,28000,35250,46000,40000,36675,33728.26,27989.58,,24127.27,31200,32954.55,35969.39,31454.08,35879.81,47338.54,57275.86,53645.71,38534.38,30908.57,30085.11,35514.52,38336.67,35967.39,32000,33856.67,37256.94,35095.59,36625,33826.09,36479.17,34724,30525,30967.39,28660,29217.39,30833.33,38694.44,39031.82,36637.5,47290,56723.08,66033.33,41286.96,35988.64,35761.9,36952.27,36829.55,42904.76,45142.5,38216.67,35918.42,47578.57,45614.71
Kepulauan Riau,Bawang merah,32021.74,32000,,32428.57,29437.5,29678.57,29366.67,,29250,25800,26579.55,30625,33409.09,32187.5,30250,28000,28250,28555.56,34360.87,29279.41,,24945.65,32171.43,35888.89,40058.82,36059.09,35065.79,39258.33,35916.67,34206.52,34456.52,31386.36,30300,35431.82,39916.67,40355.26,37000,31631.58,28056.82,25214.29,25888.89,28273.81,28321.43,33825,31500,28417.5,29852.27,28250,32083.33,30888.89,27227.27,26775,26566.67,27608.97,32357.14,31217.39,31443.18,32476.19,40363.64,40579.55,38419.05,33755,30619.05,28797.37,30076.19,32397.06
DKI Jakarta,Bawang merah,26052.17,24100,32200,34047.62,35200,37533.33,31915.63,29900,25137.5,24610,26345.45,27783.33,31656.82,28188.89,34230,42700,41150,37695,33958.7,30415.63,,26143.48,31997.62,35125,39116.18,37492.42,38985.53,49906.67,59941.3,56771.74,42300,34227.27,32346.25,35417.5,38083.33,36652.5,33892.5,36492.11,41070.45,37711.9,38821.05,36050,37128.57,34927.5,31270.45,31577.5,31034.09,32191.3,32485.71,39069.44,38984.09,40642.5,50420,58397.44,65223.81,41286.96,37861.36,36304.76,36536.36,37961.36,43992.86,48367.5,42909.52,44018.42,49319.05,48391.18
Jawa Barat,Bawang merah,19882.61,19350,,28583.33,32243.75,33064.29,27175,25000,22875,22162.5,25497.73,26583.33,27715.91,25643.75,33330,38875,42075,34854.55,29552.17,25927.5,,22234.78,28723.81,31561.11,33889.29,30539.39,35181.25,44612.12,52326.09,47841.3,35015.22,28665.91,28052.5,34223.81,33792.86,29335,30752.5,31165.79,32329.55,29866.67,32170,29721.43,32583.33,29512.5,26645.45,26300,23256.82,25915.22,26369.05,31972.22,31604.17,34162.5,41566.67,52746.15,56954.76,34052.17,31820.45,31952.38,31795.45,32615.91,37754.76,39972.5,35771.43,38736.84,42307.14,40432.35
Jawa Tengah,Bawang merah,17632.61,17025,22700,29654.76,29543.75,30362.5,23662.5,22250,16562.5,18370,21968.18,24453.13,25270.45,21443.75,31045,36725,,32261.76,26537.78,22785.48,,20105.81,25917.07,28760,29679.41,27538.89,31913.01,41495.83,49127.5,44815.56,31361.11,26836.9,24860.39,30171.79,33889.47,29164.86,26152.94,30839.58,33203.13,28874.19,29153.45,28597.83,31500,28963.64,24010.87,24859.09,21775.93,23725.93,24715.22,32083.33,32127.27,32017.39,41150,51782.05,56380.95,33571.74,30243.18,30954.76,31354.55,32445.45,37690.48,39097.5,33733.33,35192.11,38878.57,37176.47
D.I. Yogyakarta,Bawang merah,18706.52,17000,,28128.57,27212.5,27818.75,21484.38,20650,15650,15225,19922.73,23267.86,24279.55,19842.86,27297.5,36825,30000,26156.25,24251.56,19747.37,,16228.26,23788.64,27068.75,28105.88,24683.33,30246.34,37332.86,42304.35,41045.65,28748,22791.3,22961.25,26995,31526.19,28042.11,24635,25939.47,31331.82,26783.33,26773.68,25850,28321.43,26490,21379.55,22000,18788.64,21689.13,23264.29,30458.33,30231.82,28510,35340,48561.54,52847.62,30458.7,26815.91,26797.62,28804.55,29811.36,34659.52,35777.5,33171.43,33278.95,37947.62,37867.65
Jawa Timur,Bawang merah,19189.13,17125,21300,30728.57,29012.5,29306.25,22521.88,20300,17275,16700,20020.45,23989.29,26054.55,21671.43,28342.5,34100,31075,27773.53,24538.89,21220,,18736.96,24664.29,28095.45,30604.41,27503.45,30078.95,37860.94,48750,41800,29632.61,23768.18,23873.75,28642.86,32892.86,31582.5,27117.5,27410.53,29520.45,27538.64,26671.05,25542.86,29054.76,27517.5,22852.27,23455,21622.73,22163.04,24069.05,29797.22,30245.45,29395.24,35083.33,45603.85,56842.86,31230.43,28559.09,29345.24,32947.73,32777.27,34826.19,36847.5,33314.29,33584.21,38969.05,36082.35
Banten,Bawang merah,19456.52,18150,,32857.14,34418.75,34078.57,28818.75,27000,20275,22690,26513.64,28966.67,27250,21968.75,34392.5,40750,35250,35694.44,30630.43,25673.81,,24614.52,30534.09,33911.11,37414.29,33044.12,37973.68,48970.83,55109.52,50786.96,36302.17,30554.55,28888.75,34552.38,35583.33,31187.5,31307.5,34236.84,37786.36,33059.52,33875,32266.67,35071.43,30097.5,26525,25807.5,23431.82,25223.91,26695.24,35211.11,33670.45,35640,44150,55487.18,56226.19,33454.35,32818.18,34078.57,32468.18,33370.45,39569.05,41585,35847.62,39476.32,43923.81,42520.59
Bali,Bawang merah,21389.13,20250,,34440.48,32385.71,28771.43,23087.5,20750,18637.5,17500,20595.45,27850,32295.45,24714.29,30325,41000,36250,29636.36,26961.11,21852.38,,19039.13,23692.86,28112.5,35448.53,34322.73,33580.26,41915,46306.82,38897.83,27228.26,26811.36,23591.25,26250,31795.24,32337.5,30570,25307.89,31275,30614.29,25876.32,22238.1,24350,25652.5,20375,20502.5,18965.91,19413.04,21540.48,28427.78,34525,29867.5,30943.33,42756.41,51983.33,30430.43,25593.18,26766.67,32309.09,32393.18,33188.1,32562.5,30633.33,27489.47,26630.95,28082.35
Nusa Tenggara Barat,Bawang merah,17502.17,17050,14000,29376.19,26531.25,21507.14,16196.88,,10862.5,11930,13845.45,21383.33,28865.91,21400,27387.5,31800,26400,29870,21332.61,16540.63,,14106.52,18961.9,23533.33,33423.53,34896.97,28609.21,30441.67,39900,29504.35,22495.65,23102.27,19538.75,22359.52,27459.52,28210.53,29830,27381.58,26007.69,23126.83,22516.67,19791.67,20788.1,20529.63,17812.5,15241.18,16379.17,16798,18645.24,21875,28404.55,28612.5,28646.67,33730.77,45054.76,28908.7,22427.27,21650,28404.55,32918.18,35709.52,33300,30976.19,37065.79,36904.76,34347.06
Nusa Tenggara Timur,Bawang merah,24608.7,25000,24000,27738.1,29281.25,29028.57,23166.67,,14000,15000,15795.45,17500,22461.36,25312.5,25125,35400,38750,33660,30615.22,22288.89,,16797.83,19452.38,22320,27254.41,32221.21,30832.89,31391.67,36336.84,34393.48,25439.13,19081.82,18296.25,21852.38,24252.38,28677.5,30000,29947.37,29100,27878.57,29383.33,28138.1,24850,24212.5,23300,20790,21602.27,23593.48,25000,26741.67,29277.27,31265,31876.67,34082.05,44752.38,38752.17,25036.36,22435.71,26565.91,33145.45,37109.52,37247.5,36104.76,37615.79,40792.86,39352.94
Kalimantan Barat,Bawang merah,25086.96,23250,26600,30811.9,31078.57,28857.14,29193.33,,20562.5,21037.5,22090.91,26846.43,32468.18,29250,28780,35500,30000,33137.5,32217.39,26036.11,,20228.26,26583.33,29594.44,38260.29,34212.12,35486.84,46701.67,54375,50784.78,41063.04,32220.45,29192.5,32681.82,40892.86,39870,34395,33986.84,35372.73,33540.91,31655.26,30969.05,33297.62,35982.5,28622.73,28795,29129.55,27452.17,30100,35100,34275,27807.5,33051.67,49846.15,64292.86,42465.22,34720.45,33819.05,40915.91,39872.73,45626.19,38140,34838.1,33744.74,35933.33,38888.24
Kalimantan Tengah,Bawang merah,23682.61,22625,,39833.33,38555.56,36375,29640.63,23250,22625,19250,23000,29437.5,33613.64,28812.5,31775,45000,48750,38647.06,33488.37,28614.29,,21870.69,26616.67,29093.75,36235.29,37454.55,39394.74,39983.33,53952.38,58343.48,39239.13,32886.36,33306.25,34416.67,36976.19,37513.16,32500,33105.26,34818.18,34464.29,34515.79,33940.48,34142.86,34700,30295.45,30512.5,29772.73,29771.74,31119.05,33930.56,39056.82,37050,39183.33,52506.41,65976.19,47010.87,35697.73,34261.9,37761.36,38672.73,40154.76,41267.5,37428.57,37052.63,39988.1,39750
Kalimantan Selatan,Bawang merah,20763.04,20075,,36592.86,36278.57,32935.71,26406.67,,20237.5,19237.5,20406.82,27225,30725,24543.75,28835,43333.33,41000,39285,30714,24704,,20922.09,25173.68,26437.5,30411.9,31951.25,33005.88,36140.91,51787.5,48925,32792.22,28760.47,26888.61,29532.05,35984.52,34687.5,27377.42,26570.45,29825,28476.09,29297.37,27797.73,30730.43,32440,25527.27,25045.24,24534.78,23418.75,24961.9,32241.67,35570.45,28820,40908.33,49403.85,63059.52,39256.52,31181.82,30778.57,34388.64,34275,38209.52,38177.5,31561.9,31652.63,41195.24,37311.76
Kalimantan Timur,Bawang merah,24506.52,23900,,38626.19,33944.44,30987.5,28315.63,25100,22025,20500,22350,28710,32427.27,24950,28997.5,42800,38125,35300,31602.17,26580.56,,21295.65,26266.67,31062.5,35529.41,42828.79,33960.53,36565,57643.48,53386.96,37202.17,30143.18,28951.25,32380.95,37278.57,36310,26927.5,27971.05,31038.64,29340.91,29231.58,28545.24,30019.05,32867.5,30075,28337.5,27397.73,27558.33,29716.67,32669.44,35550,33302.5,36801.67,52760.26,67614.29,43095.65,32995.45,33776.19,37927.27,39165.91,39054.76,39502.5,36909.52,36855.26,41071.43,38426.47
Kalimantan Utara,Bawang merah,29673.91,30000,30000,43107.14,41625,38000,35816.67,30000,28000,25000,25863.64,33857.14,40136.36,33500,34275,43750,42500,44312.5,38554.35,32823.53,,27054.35,32214.29,36888.89,42323.53,52424.24,42828.95,41183.33,56083.33,61010.87,42032.61,36011.36,34968.75,36726.19,44452.38,40539.47,34500,32631.58,36250,34761.9,33065.79,32714.29,36583.33,40237.5,33852.27,32562.5,29829.55,29391.3,34916.67,37930.56,40613.64,37137.5,42208.33,53782.05,70559.52,50793.48,39090.91,39214.29,42829.55,44738.64,43940.48,44282.5,41176.19,41581.58,45538.1,42755.88
Sulawesi Utara,Bawang merah,29695.65,30000,,43714.29,45857.14,42375,33875,,29250,26250,26681.82,30571.43,38636.36,33888.89,36525,49500,48000,46400,39152.17,31617.65,,25934.78,31166.67,33750,41632.35,54054.55,44671.05,40608.33,56652.17,60032.61,39326.09,34886.36,31825,35976.19,39976.19,40450,35100,34236.84,37977.27,32142.86,31355.26,32273.81,33428.57,38375,32295.45,30425,27647.73,31597.83,36219.05,36944.44,37454.55,32962.5,41891.67,55076.92,68678.57,46732.61,37829.55,36523.81,41284.09,42875,40511.9,40225,37726.19,38631.58,42833.33,39897.06
Sulawesi Tengah,Bawang merah,24391.3,22750,,35309.52,31875,29000,29266.67,25000,27500,26000,25340.91,30833.33,31511.36,24750,28250,42500,,38312.5,39156.52,32032.35,,26913.04,28392.86,33950,33073.53,40454.55,38473.68,38500,51826.09,58782.61,40771.74,34534.09,30406.25,32392.86,36109.52,37750,30137.5,28421.05,32352.27,32204.76,30552.63,29661.9,33347.62,40230,32288.64,31472.5,29350,27010.87,31883.33,32786.11,36236.36,31745,38486.67,50551.28,68409.52,48965.22,37540.91,33914.29,39704.55,40550,37997.62,38832.5,34433.33,33713.16,42050,37588.24
Sulawesi Selatan,Bawang merah,19084.78,19575,,32985.71,34506.25,32150,29720,26800,23725,22250,22877.27,28228.57,32670.45,28064.29,27530,36650,,35788.89,33526.09,28721.05,,23440.91,26762.5,30050,33675,44116.67,36661.84,36086.67,46480.95,51500,35747.83,28759.52,27857.5,30940.91,35183.33,34300,29685,27284.21,28836.36,29034.09,27684.21,25050,26766.67,27857.5,26690.91,24947.5,23884.09,24465.22,26900,28877.78,33586.36,31376.19,33216.67,46878.21,64038.1,43028.26,33559.09,31790.48,36956.82,38188.64,36626.19,37507.5,35414.29,33689.47,38892.86,37285.29
Sulawesi Tenggara,Bawang merah,30160.87,28150,28500,38357.14,40187.5,35985.71,35718.75,32000,31025,28920,26950,30316.67,39131.82,34950,36310,40300,,42754.55,39843.1,37187.5,,32480,33602.38,34764.29,40982.35,50689.39,45097.37,45216.67,59280.43,58845.65,44634.78,37386.36,33417.5,34814.29,39502.38,41595,35370,32176.32,34150,34635.71,32336.11,32011.9,33161.9,36407.5,32336.36,31315,30656.82,29130.43,33335.71,35133.33,38852.27,37892.5,39950,53314.1,71895.24,53306.52,38352.27,36083.33,40072.73,43547.73,40428.57,41585,38507.14,37223.68,44078.57,42576.47
Gorontalo,Bawang merah,28695.65,28000,,43571.43,40000,39142.86,31812.5,28000,30000,23750,26045.45,32125,36909.09,30375,36050,46500,,44777.78,35695.65,29342.11,,26000,31214.29,34437.5,41764.71,49545.45,40000,40333.33,58750,57217.39,38260.87,34272.73,31550,35600,42619.05,38750,31537.5,30868.42,36522.73,33130.95,33847.22,33023.81,34404.76,41025,34359.09,33612.5,30852.27,33619.57,40297.62,39500,39693.18,36100,44066.67,62980.77,72261.9,47945.65,37897.73,38107.14,42295.45,44886.36,43342.86,41770,37247.62,39152.63,47090.48,40235.29
Sulawesi Barat,Bawang merah,26630.43,25000,,40047.62,35875,35000,33333.33,26000,25000,25000,25000,32133.33,33725,30000,28000,40000,40000,43000,36739.13,32650,,26663.04,28804.88,32333.33,36014.29,43903.23,35273.33,35033.33,47310.81,52214.29,36369.05,27817.07,26042.86,33027.03,36794.12,35862.07,29909.09,29100,29815.79,28088.24,26821.43,25451.61,29193.55,30878.79,26073.53,25833.33,23742.42,20730.77,23809.52,28944.44,34181.82,31500,32100,46679.49,62238.1,46086.96,36090.91,33809.52,38636.36,39272.73,38523.81,36000,35095.24,30789.47,39238.1,34470.59
Maluku,Bawang merah,29786.96,31500,,37604.76,40771.43,42214.29,40300,34500,28600,25400,26304.55,28210.71,38315.91,33025,35085,48650,49650,45483.33,43632.61,35514.71,,26504.76,29798.53,34927.27,42245.59,51280.3,41369.74,49846.67,55710.87,64567.39,50667.39,39265.91,38316.25,38750,39390.48,45097.5,35887.5,35650,38579.55,40923.81,37515.79,37359.52,38742.86,41047.5,36847.73,35347.5,35500,33141.3,33695.24,35825,40750,39867.5,42163.33,55139.74,67052.38,54189.13,41436.36,41245.24,42384.09,45993.18,46838.1,45087.5,42421.43,44350,49726.19,46688.24
Maluku Utara,Bawang merah,35650,35650,36300,47747.62,51481.25,48187.5,44259.38,40000,40200,38040,38963.64,42263.33,47188.64,43587.5,43082.5,54100,64100,54125,49065.22,42708.33,,36828.26,36904.76,39785.71,48595.59,65242.42,58289.47,56995,64510.87,79728.26,55478.26,51568.18,45600,43862.5,50083.33,53302.63,45462.5,43881.58,48579.55,48995.24,47802.63,47773.81,49750,50625,47329.55,47625,46000,40456.52,47530.95,50555.56,52063.64,50750,55928.33,69570.51,90559.52,70597.83,51986.36,49966.67,54738.64,62670.45,58047.62,58480,58869.05,53486.84,63928.57,59926.47
Papua Barat,Bawang merah,38478.26,40000,40000,47380.95,55000,51093.75,48984.38,,40000,36250,37897.73,39296.88,42840.91,47500,40562.5,61250,57500,49000,52228.26,47797.62,,36032.61,36428.57,43571.43,51102.94,56515.15,55000,57617.19,73586.96,79076.09,55923.91,45454.55,43562.5,42261.9,45119.05,48125,51312.5,43855.26,46909.09,46035.71,45426.32,45683.33,46428.57,46905,43863.64,44812.5,44231.82,40978.26,42916.67,46458.33,47443.18,47937.5,59083.33,63557.69,82559.52,66847.83,51079.55,48273.81,50568.18,52811.36,52321.43,53062.5,50892.86,49144.74,61726.19,55441.18
Papua,Bawang merah,37126.09,37500,35800,44838.1,51105.56,52285.71,47953.13,40000,35200,33300,30188.64,31600,40481.82,46506.25,44750,55800,58300,56506.25,53480.43,45626.47,,33858.7,35804.76,39372.22,46989.71,56100,55585.9,69606.67,67450,70147.83,65176.09,55304.55,44633.75,40523.81,43145.24,47690,47062.5,46910.53,47468.18,47584.09,46363.16,49066.67,45471.43,46540,46295.45,42420,40013.64,36589.13,41742.86,42252.78,49831.82,49600,52310,58696.15,75476.19,62958.7,48136.36,47828.57,48250,52786.36,52373.81,53002.5,54392.86,52265.79,59338.1,54220.59
Aceh,Beras Premium,,,,10826.19,10614.29,10800,11176.67,11200,10912.5,11212.5,11404.55,11450,10985.71,11009.09,10732.5,10200,10300,11005.56,11130.43,11444.44,,11543.48,12969.05,11587.5,11090.48,11052.5,10804.76,11271.74,11328.95,11402.38,11368.18,11455.56,11431.82,11355.26,11378.57,11372.5,10782.5,11173.68,11400,11450,11305.26,11380.95,11445.24,11487.5,11431.82,11380,11350,11463.04,11545.24,11802.78,11561.36,11487.5,11502.78,11740.48,11709.52,11915.22,12277.27,12395.24,12002.27,11893.18,12278.57,12470,12095.24,12202.63,12145.24,12114.71
Sumatera Utara,Beras Premium,,,,12173.81,12221.43,12314.29,12271.88,12250,12387.5,12025,12088.64,12306.25,12578.57,12550,12537.5,12550,11775,12100,12082.61,12069.44,,11910.87,11952.38,12206.25,12671.43,12760,12819.05,12690.48,12790,12588.1,12472.73,12708.33,12925,12895.24,12907.14,12900,12855,12752.63,12788.64,12431.82,12600,12350,12185.71,12197.5,12165.91,12182.5,12197.73,12176.09,12271.43,12297.22,12300,12390,12566.67,12290.48,12304.76,12297.83,12502.27,12602.38,12595.45,12563.64,12740.48,13157.5,13569.05,13634.21,13773.81,13808.82
Sumatera Barat,Beras Premium,,,11950,11904.76,11900,11900,11900,11900,11900,12425,12661.36,12726.67,12895.24,12910,12822.5,12850,12850,12786.36,12997.83,12877.78,,12854.35,12850,12850,12900,12932.5,13166.67,13107.14,13115,12938.1,12927.27,12955.56,12940.91,12944.74,12942.86,12955,12970,12810.53,12795.45,12778.57,12502.63,12873.81,12800,12765,12793.18,12810,12963.64,13004.35,13000,13000,13143.18,13167.5,13175,13088.1,13050,13186.96,13577.27,16276.19,16775,16513.64,16464.29,16357.5,16047.62,15944.74,15950,15944.12
Riau,Beras Premium,,,,13726.19,13916.67,13750,13750,14000,13925,13875,14806.82,14966.67,15000,14975,14995,14800,14700,14636.36,14626.09,14638.89,,14595.65,14526.19,14543.75,14652.38,14640,14645.24,14650,14630,14640.48,14593.18,14600,14602.27,14600,14600,14560.53,14625,14557.89,14327.27,14350,14300,14297.62,14297.62,14297.5,14288.64,14300,14297.73,14300,14321.43,14327.78,14350,14327.5,14288.89,14350,14350,14350,14731.82,14435.71,14309.09,14370.45,14638.1,14842.5,14678.57,14647.37,14650,14644.12
Jambi,Beras Premium,,,,11816.67,11457.14,11762.5,11890,11700,20187.5,11212.5,11172.73,11370,12321.43,12344.44,12355,12350,12350,11600,11767.39,11766.67,,11760.87,11552.38,11550,11600,11547.5,11550,11535.71,11450,11552.38,11559.09,11550,11536.36,11550,11550,11550,11550,11476.32,11261.36,11250,11211.11,11261.9,11250,11250,11250,11250,11250,11250,11690.48,11855.56,11847.73,11807.5,11825,11797.62,11797.62,11797.83,11913.64,12726.19,12850,12809.09,12935.71,13300,12997.62,12897.37,13078.57,13614.71
Sumatera Selatan,Beras Premium,,,11350,10614.29,10828.57,10825,11096.67,11100,10962.5,11175,11445.45,11446.67,11450,11444.44,11447.5,11225,11225,11166.67,11253.57,11324,,11452.17,11445.24,11461.11,11411.36,11452.5,11459.52,11500,11473.68,11500,11459.09,11577.78,11504.55,11415.79,11347.62,11347.37,11340,11334.21,11350,11350,11308.33,11252.38,10561.9,10797.62,10759.09,10750,10736.36,10976.09,11133.33,11222.22,11209.09,11242.5,11263.89,11492.86,11497.62,11491.3,11909.09,12019.05,12197.73,12338.64,12514.29,13035,13028.57,12855.26,12871.43,13505.88
Bengkulu,Beras Premium,,,,11545.24,11514.29,12066.67,11084.38,11100,12200,12050,12161.36,12062.5,12514.29,12645,12257.5,11850,11850,12027.27,12480.43,12694.44,,12658.7,12407.14,12250,12047.62,12097.5,12378.57,12500,12155,11966.67,12000,12000,12000,12000,12000,11995,12000,12000,12000,12000,12155.26,12000,11992.86,12120,12000,12000,12000,12000,12000,12000,11993.18,11987.5,11991.67,12000,11980.95,12008.7,12111.36,12328.57,12529.55,12650,13185.71,13570,13540.48,13526.32,13614.29,13664.71
Lampung,Beras Premium,,,12700,11742.86,11700,11678.57,11684.38,11950,12087.5,12175,12229.55,12203.33,12302.38,12111.11,11980,11950,11675,11887.5,12100,12086.11,,12204.35,12238.1,12250,12247.62,12250,12333.33,12488.1,12336.11,12257.14,12236.36,12200,12220.45,12300,12257.14,12292.5,12290,12292.11,12247.73,12250,12280.56,12200,11959.52,11950,11945.45,11947.5,11959.09,11950,12007.14,12097.22,12063.64,11975,12166.67,11947.62,11950,12041.3,11938.64,11476.19,11495.45,11836.36,12047.62,12500,12569.05,12889.47,12709.52,12750
Bangka Belitung,Beras Premium,,,,12876.19,12531.25,12168.75,12118.75,12200,12175,12200,12181.82,12250,12461.9,12488.89,12392.5,12100,12100,12005,12358.7,12544.44,,12373.91,12523.81,12225,12035.71,12017.5,12116.67,12395.24,12334.21,12233.33,12195.45,12122.22,11938.64,11871.05,11883.33,11910.53,11985,12031.58,12013.64,11870.45,11897.37,11745.24,11723.81,11735,11547.73,11650,11650,11702.17,12104.76,12188.89,12159.09,12177.5,12119.44,12140.48,12314.29,12363.04,12313.64,12507.14,12525,12600,12728.57,12942.5,13104.76,13265.79,13642.86,13752.94
Kepulauan Riau,Beras Premium,,,12850,13316.67,13431.25,13300,13250,13250,13312.5,13250,13261.36,13250,13211.9,13200,13270,13600,13550,13675,13930.43,13800,,13800,13802.38,13800,13800,13800,13800,13800,13821.05,13466.67,13300,13300,13300,13300,13300,13300,13300,13300,13300,13300,13272.22,13300,13300,13300,13300,13300,13300,13313.04,13400,13400,13400,13395,13383.33,13400,13400,13400,13400,13457.14,13550,13550,13597.62,13615,13650,13721.05,13678.57,13750
DKI Jakarta,Beras Premium,,,,12200,12535.71,12400,12053.13,,12325,11950,12361.36,12271.43,12026.19,12016.67,11982.5,11750,11750,12100,11880.43,11673.53,,11654.35,11719.05,11656.25,11933.33,11825,11838.1,11914.29,12222.5,11880.95,11636.36,11719.44,11727.27,11631.58,11609.52,11682.5,11687.5,11747.37,11750,11669.05,11710.53,11719.05,11676.19,11622.5,11581.82,11617.5,11729.55,11578.26,11640.48,11627.78,11659.09,11700,11975,12050,12047.62,12015.22,11995.45,12430.95,12450,12477.27,12473.81,12810,13121.43,13505.26,13247.62,13214.71
Jawa Barat,Beras Premium,,,,12792.86,12675,12750,12440.63,12600,12275,12300,12277.27,12000,11976.19,12316.67,12075,11800,12150,12030,11976.09,12016.67,,11989.13,12007.14,11643.75,11702.38,11687.5,11778.57,11907.14,12120,12052.38,12095.45,12225,12320.45,12139.47,12047.62,12050,11952.5,11913.16,11695.45,11916.67,11807.89,11814.29,11850,11850,11850,11865,11847.73,11843.48,11773.81,11761.11,11747.73,11760,11744.44,11747.62,11730.95,11795.65,11797.73,12611.9,12652.27,12820.45,12890.48,13087.5,13057.14,13089.47,13007.14,12985.29
Jawa Tengah,Beras Premium,,,,13469.05,12850,13150,13131.25,13200,12912.5,12637.5,12325,12006.25,12023.81,12087.5,12090,11950,11950,11527.27,11943.48,11905.56,,11904.35,12028.57,11972.22,11978.57,12005,12116.67,12121.43,12057.5,12188.1,12293.18,12361.11,12354.55,12357.89,12359.52,12380,12015,12368.42,12263.64,12192.86,12236.84,12119.05,11900,12050,12104.55,12300,12352.27,12333.33,12306.52,11905.56,12202.27,12212.5,12111.11,12114.29,12169.05,12134.78,12172.73,12397.62,12534.09,12863.64,13002.38,13307.5,13321.43,13531.58,13502.38,13488.24
D.I. Yogyakarta,Beras Premium,,,,11911.9,11860,12100,12084.38,12050,11983.33,11937.5,11935.71,11864.29,12045.24,12210,12217.5,11700,11750,11918.75,12106.52,11882.35,,11745.65,11621.43,11450,11566.67,11577.5,11464.29,11473.81,11830,11457.14,11450,11444.44,11477.27,11647.37,11650,11610.53,11832.5,11884.21,11900,11902.38,12086.84,11835.71,11878.57,11765,11811.36,11657.5,11643.18,11630.43,11628.57,11569.44,11577.27,11655,11547.22,11526.19,11461.9,11332.61,11265.91,11242.86,11429.55,11781.82,12811.9,13872.5,13850,13536.84,13888.1,13861.76
Jawa Timur,Beras Premium,,,,12550,12207.14,11633.33,11634.38,11700,11225,11900,11890.91,12060,12164.29,12187.5,12155,11950,12150,12050,11884.78,11803.13,,11813.04,11769.05,11800,12083.33,12139.47,12195.24,12040.48,11944.44,12033.33,12056.82,12036.11,11900,11942.11,11907.14,11822.5,12395,12407.89,12402.27,11340.48,11132.35,11104.76,10911.9,10860,10840.91,10905,10859.09,10941.3,11028.57,11075,11127.27,11132.5,11156.67,11145.24,11116.67,11263.04,11354.55,11738.1,11806.82,12093.18,12369.05,12597.5,12404.76,12686.84,12811.9,12858.82
Banten,Beras Premium,,,,11657.14,11371.43,11314.29,11134.38,11150,11175,11250,11313.64,11531.25,12119.05,12087.5,11340,10550,10700,11037.5,11058.7,11058.82,,11071.74,11104.76,11125,11575,11433.33,11500,11445.45,11466.67,11630.95,11336.36,11400,11400,11421.05,11459.52,11352.5,11032.5,11350,11484.09,11559.52,11541.67,11547.62,11314.29,11245,11295.45,11295,11220.45,11215.22,11238.1,11000,10986.36,11136.84,11525,11564.29,11597.62,11752.17,12152.27,12580.95,12177.27,12581.82,12666.67,12750,12857.14,12942.11,12957.14,13044.12
Bali,Beras Premium,,,12000,11928.57,11287.5,11000,11000,11000,11000,10625,11000,11716.67,11904.76,12000,11625,11000,11000,11277.27,11548.15,11510,,11600,11600,11600,11663.64,11650,11733.33,11750,11630,11952.38,12000,11986.11,12000,11973.68,11988.1,12000,11957.5,11950,11818.18,11819.05,11715.79,11804.76,11621.43,11590,11650,11650,11650,11771.74,12000,11902.78,11800,11810,11825,11819.05,11809.52,11860.87,11981.82,11988.1,12056.82,12450,12595.24,13272.5,13278.57,13500,13359.52,13500
Nusa Tenggara Barat,Beras Premium,,,,,,9650,9960,10000,10000,11000,10923.81,11000,11000,11000,11002.5,11150,10800,10477.78,10543.48,10366.67,,10491.3,10711.9,10650,11088.1,11157.5,11209.52,11042.86,11000,11021.43,10952.27,10708.33,10650,10747.37,10666.67,11084.21,11000,11000,11013.64,11000,10979.41,10930.95,10983.33,11000,10977.27,11025,11045.45,11063.04,11171.43,11050,10997.73,10950,10883.33,10990.48,11030.95,11000,11000,10959.52,11150,11140.91,11445.24,12802.5,11407.14,12573.68,13000,12917.65
Nusa Tenggara Timur,Beras Premium,,,12000,11866.67,11928.57,12066.67,12162.5,11800,12025,12087.5,12050,12076.47,12000,12235.71,12112.5,13450,14850,13655,13671.74,13630.56,,13306.52,13354.76,13262.5,11990.48,12000,12000,12000,12000,12102.38,12000,11980.56,11975,12000,12000,11965,12000,12100,13436.36,13590.48,13891.67,13895.24,13904.76,13900,13900,13897.5,13920.45,13895.65,13900,13900,13868.18,13785,13316.67,13900,13900,13900,13922.73,12302.38,12350,12550,12759.52,13745,14473.81,14578.95,14340.48,14150
Kalimantan Barat,Beras Premium,,,13050,12988.1,12980,13020,13000,13000,12983.33,13000,13000,13000,13071.43,13094.44,13087.5,13050,13175,13050,13095.65,13100,,13102.17,13100,13100,13100,13107.5,13147.62,13147.62,13169.44,13147.62,13138.64,13136.11,13134.09,13107.89,13092.86,13102.5,13327.5,13397.37,13231.82,13243.18,13181.58,13407.14,13516.67,13545,13547.73,13370,13404.55,13450,13450,13450,13461.36,13480,13427.78,13450,13490.48,13508.7,13552.27,13850,13854.55,13915.91,14059.52,14417.5,14752.38,15297.37,15302.38,15267.65
Kalimantan Tengah,Beras Premium,,,12050,12895.24,12935.71,12864.29,12928.13,12900,12987.5,13025,13090.91,13106.67,13092.86,13187.5,13230,12875,12937.5,13185.29,13265.12,13230.3,,13124.14,13078.57,13075,13152.38,13047.5,13076.19,13597.62,14781.58,14519.05,14502.27,14322.22,14100,14134.21,13930.95,13821.05,13805,13802.63,13859.09,13807.14,13950,13802.38,13814.29,13762.5,13802.27,13815,13793.18,13782.61,13776.19,14444.44,14447.73,14470,14530.56,14366.67,14428.57,14421.74,15234.09,13973.81,14072.73,14418.18,14619.05,14832.5,15671.43,16239.47,16061.9,16111.76
Kalimantan Selatan,Beras Premium,,,,12459.52,12507.14,12966.67,12571.88,12150,11950,12600,12413.64,12289.29,12750,12383.33,12600,13200,13100,13816.67,14004.35,14011.76,,13904.35,13185.71,13075,13168.18,13235.71,13138.1,13452.38,14268.42,14378.57,14304.55,14372.22,14350,14294.74,14219.05,13855.26,14210,14394.74,14350,14340.48,14375,14340.48,14340.48,14360,14256.82,14375,14268.18,14350,14435.71,14327.78,14350,14450,14544.44,14700,14619.05,15167.39,15800,13045.24,13318.18,13704.55,14485.71,15070,15685.71,17397.37,17650,17676.47
Kalimantan Timur,Beras Premium,,,,12935.71,12871.43,12807.14,12800,12850,12862.5,12800,12768.18,12800,12600,12618.75,12577.5,12650,12550,12762.5,12767.39,12736.11,,12830.43,12807.14,12793.75,12754.76,12832.5,12828.57,12916.67,12972.5,12890.48,12813.64,12838.89,12852.27,13242.11,13397.62,13270,12780,13152.63,13154.55,13088.64,13034.21,13078.57,12861.9,12845,12884.09,12910,12922.73,12982.61,13047.62,12936.11,12984.09,12930,12980.56,13078.57,13054.76,13045.65,13075,13523.81,13554.55,13622.73,13673.81,13797.5,14026.19,14352.63,14138.1,14132.35
Kalimantan Utara,Beras Premium,,,,14400,14437.5,14450,14406.67,,13825,13562.5,13550,13771.88,14500,14268.75,13845,13500,13500,13668.75,13567.39,13541.67,,13536.96,13550,13561.11,14488.1,14475,14488.1,13795.24,13700,13700,13700,13691.67,13700,13747.37,13692.86,13697.37,14500,14157.89,13777.27,13497.62,13550,13507.14,13421.43,13442.5,13365.91,13372.5,13370.45,13367.39,13376.19,13511.11,13556.82,13545,13583.33,13547.62,13550,13552.17,13604.55,14028.57,14036.36,14077.27,14059.52,14470,14500,14692.11,14602.38,14647.06
Sulawesi Utara,Beras Premium,,,11000,11259.52,11331.25,11414.29,11400,11400,11425,11400,11404.55,11407.14,11400,11400,11317.5,11200,11150,10916.67,11043.48,11138.24,,11150,11157.14,11150,11230.95,11217.5,11288.1,11540.48,11510,11550,11565.91,11547.22,11565.91,11555.26,11550,11542.11,11550,11547.37,11552.27,11554.76,11523.68,11550,11550,11550,11550,11567.5,11647.73,11630.43,11640.48,11655.56,11638.64,11632.5,11583.33,11650,11371.43,11600,11647.73,12100,12097.73,12429.55,12714.29,12732.5,13176.19,13213.16,13364.29,13400
Sulawesi Tengah,Beras Premium,,,,11600,11535.71,11666.67,11828.13,11750,11500,11750,11720.45,11756.67,11742.86,11714.29,11750,11850,11750,11722.22,11686.96,11675,,11717.39,11707.14,11750,11750,11475,11366.67,11630.95,11210,11226.19,11250,11241.67,11250,11255.26,11261.9,11236.84,11297.5,11323.68,10829.55,10528.57,11268.42,10385.71,11133.33,11300,11300,11300,11300,11300,11304.76,11305.56,11297.73,11310,11250,11316.67,11300,11300,11463.64,11247.62,11218.18,11525,12116.67,12537.5,14107.14,13650,13066.67,13023.53
Sulawesi Selatan,Beras Premium,,,,11423.81,11192.86,11075,10584.38,10500,10825,10700,10797.73,10736.67,11000,10883.33,9982.5,11100,11150,11118.75,11219.57,11291.67,,11421.74,11383.33,11381.25,11333.33,11482.5,11550,11326.19,11352.94,11333.33,11336.36,11319.44,11295.45,11305.26,11280.95,11262.5,11220,11271.05,11368.18,11371.43,11444.44,11385.71,11092.86,11040,11047.73,11030,11031.82,11021.74,11030.95,11013.89,11025,11047.62,10955.56,11000,11000,11000,11004.55,10954.76,10947.73,11168.18,11216.67,11545,12376.19,12502.63,12519.05,12497.06
Sulawesi Tenggara,Beras Premium,,,11600,11366.67,11100,11116.67,11336.67,11450,10975,11200,11104.55,11193.75,10185.71,10171.43,10092.5,10550,,10368.75,10576.09,10511.76,,10456.52,10447.62,10300,9850,9847.5,10507.14,11107.14,10902.78,10602.38,10645.45,10608.33,10550,10494.74,10550,10550,10220,11028.95,11079.55,11300,11188.24,11095.24,11035.71,11240,11100,11100,11120.45,11100,10645.24,10700,10700,10697.5,10547.22,10600,10600,10565.22,10681.82,11952.38,12045.45,12154.55,12252.38,12340,12847.62,13534.21,13423.81,14000
Sulawesi Barat,Beras Premium,,,,11950,11535.71,11071.43,11187.5,11200,11200,11200,11200,11200,11200,11350,11400,12000,11825,12000,12000,12000,,12000,12000,12000,12000,12000,12000,12000,12000,12000,12000,12000,12000,12000,12000,12000,12000,11963.16,12000,12000,12000,12000,12000,12000,12000,12000,12000,12000,11988.1,12000,12000,12000,12000,12000,12000,12000,12000,11650,11650,11756.82,11864.29,12270,12600,12600,12600,12600
Maluku,Beras Premium,,,,13497.62,13321.43,13680,13810,13650,13650,13600,13572.73,13493.33,13126.19,13100,13097.5,14050,14050,13555.56,13073.91,13435.29,,13510.71,13770.83,13955.56,13100,13100,13102.38,13911.9,13860,14047.62,14047.73,13861.11,13879.55,13860,14004.76,14050,13105,13194.74,13250,13576.19,13502.63,13550,13542.86,13550,13550,13550,13550,13550,13464.29,13447.22,13550,13527.5,13475,13550,13550,13550,13550,13797.62,13800,14004.55,14626.19,14652.5,14819.05,14989.47,15338.1,15573.53
Maluku Utara,Beras Premium,,,,13821.43,13571.43,13525,13471.88,13650,13612.5,13600,13584.09,13593.75,13583.33,13628.57,13540,13500,13450,13294.44,13536.96,13486.11,,13536.96,13504.76,13500,13511.9,13507.5,13504.76,13504.76,13477.5,13526.19,13522.73,13508.33,13513.64,13492.11,13516.67,13500,13500,13500,13511.36,13500,13502.63,13500,13500,13495,13488.64,13582.5,13493.18,13486.96,13754.76,13752.78,13731.82,13700,13663.89,13740.48,13821.43,13997.83,14002.27,13957.14,14000,14272.73,14442.86,14380,15283.33,15586.84,15635.71,15650
Papua Barat,Beras Premium,,,,13719.05,13731.25,13950,13646.88,14300,13925,13662.5,13990.91,13983.33,14291.18,14300,14015.38,13800,13800,13611.11,13313.04,13350,,13304.35,13326.19,13333.33,13790.48,13680,13657.14,13338.64,13450,13292.86,13325,13316.67,13331.82,13371.05,13385.71,13407.5,13727.5,13615.79,13615.91,13485.71,13452.63,13471.43,13450,13457.5,13454.55,13485,13563.64,13563.04,13547.62,13555.56,13563.64,13565,13577.78,13554.76,13554.76,13560.87,13547.73,13976.19,14000,14070.45,13821.43,14022.5,14350,14760.53,14876.19,14776.47
Papua,Beras Premium,,,13400,13209.52,13187.5,13200,13193.75,,13150,13162.5,13150,13150,13150,13172.22,13270,13300,13250,13161.11,13189.13,13197.22,,13195.65,13192.86,13194.44,13247.62,13252.5,13250,13245.24,13245,13221.43,13190.91,13202.78,13202.27,13200,13202.38,13202.5,13180,13152.63,13150,13123.81,13157.89,13088.1,13090.48,13100,13100,13092.5,13097.73,13100,13102.38,13100,13115.91,13142.5,13150,13147.62,13152.38,13200,13263.64,14723.81,14840.91,15079.55,15002.38,15077.5,15266.67,15307.89,15397.62,15685.29
Aceh,Daging Ayam Ras,29263.04,27050,,24409.52,23471.43,22285.71,28093.75,28500,23562.5,20000,22068.18,25350,31204.55,29250,30090,30000,33500,32075,29486.96,24820.59,,28465.22,28516.67,28687.5,33680.56,29545.45,29207.89,23305,26066.67,31810.87,24906.52,22286.36,24145,26250,31678.57,30475,37487.5,31071.05,26802.27,28145.45,29127.78,30221.43,28804.76,27597.5,28159.09,29337.5,29047.73,30378.26,33664.29,28541.67,28413.64,32322.5,34233.33,32170.51,30857.14,28926.09,30268.18,28723.81,29884.09,33422.73,31697.62,29097.5,29430.95,29907.89,31719.05,33911.76
Sumatera Utara,Daging Ayam Ras,31328.26,29000,,30050,29578.57,27710,32559.38,35250,28525,28000,27772.73,28700,29754.55,29845,29332.5,29816.67,29933.33,33913.64,34203.7,28670.69,,30690.28,29750,31055.56,28352.08,28079.55,26774.51,25008.75,28709.62,36108.93,31662.5,28138.46,29345.92,30571.15,33364.81,34290.91,36718.33,36857.14,31878.26,31317.39,32157.5,33234.78,30257.14,29380,29443.75,31245,30636.96,32428.26,35811.9,32083.33,30800,33447.5,36736.67,32780.77,30180.95,30060.87,30754.55,29552.38,31034.09,33340.91,33969.05,31232.5,31814.29,32236.84,35916.67,39426.47
Sumatera Barat,Daging Ayam Ras,39069.57,36650,,36688.1,37578.57,36920,43637.5,45000,37850,34537.5,34861.36,38653.33,37834.09,37325,36480,40325,40750,39800,42195.65,37452.78,,37016.67,36137.5,36083.33,36823.61,34447.22,36267.86,31934.38,33997.83,43931.25,37014,29732.26,30551.75,33035.42,34652.78,34440.32,35015.63,32400,34807.41,35778.26,34068.42,33026.19,31627.27,31250,30746.43,31379.17,29622.86,32120,37404.76,34197.22,34441.3,34190,38220,34457.69,33666.67,33523.91,33191.67,33735.71,33822.73,35136.36,35426.19,32850,33128.57,33123.68,35278.57,37697.06
Riau,Daging Ayam Ras,30986.96,30150,,27752.38,31541.67,29120,36290.63,,27925,27750,26625,29166.67,27804.55,26080,27200,33500,29000,33900,34310.87,30441.67,,33204.35,31583.33,30275,27905.88,25960.61,28780.77,23803.13,27547.83,33928.26,28713.04,25831.82,26521.25,27376.19,32757.14,31765,32610,31357.89,31075,32095.45,31813.16,33385.71,27733.33,26055,29013.64,30452.5,29843.18,31358.7,36740.48,29813.89,32606.82,33505,33996.67,29862.82,28385.71,27560.87,27604.55,25914.29,28013.64,31379.55,30595.24,26682.5,27371.43,28428.95,32485.71,35438.24
Jambi,Daging Ayam Ras,35895.65,31800,,32942.86,35228.57,31700,38150,36300,29450,31025,29379.55,31500,32511.36,26388.89,27020,37650,37650,34768.75,34104.35,31279.41,,32054.35,32616.67,30671.43,28805.88,28792.42,28450,21996.67,29856.52,37247.83,31597.83,27652.27,29805,31464.29,33811.9,33902.5,32150,30192.11,32875,34976.19,36402.78,37226.19,31380.95,29637.5,32584.09,31350,29988.64,32717.39,36654.76,30472.22,34215.91,36612.5,36775,35974.36,32880.95,29260.87,29636.36,29214.29,29538.64,31850,31797.62,30750,31130.95,30960.53,33702.38,34955.88
Sumatera Selatan,Daging Ayam Ras,34080.43,31325,,32997.62,35392.86,34428.57,39350,42500,29562.5,29850,28752.27,32390,29852.27,26800,28167.5,33450,35000,34071.43,33120,29656.25,,32034.78,30778.57,30214.29,27605.56,29803.03,29223.68,23026.67,30042.86,35130.43,30404.35,27604.55,28770,28704.76,33250,32307.5,32852.5,31205.26,31613.64,36221.43,35600,35211.9,27400,27723.81,31545.45,33485.71,31081.82,33330.43,38235.71,29522.22,33822.73,35892.5,35938.33,32328.21,33488.1,28850,28311.36,27354.76,27609.09,32040.91,30340.48,28115,30157.14,30523.68,34788.1,35767.65
Bengkulu,Daging Ayam Ras,38652.17,33750,,34690.48,41250,37583.33,40400,44000,32250,30375,30136.36,32428.57,32863.64,28444.44,29825,38000,,37450,35434.78,30058.82,,35173.91,31833.33,31625,29191.18,31306.06,30194.74,25755,32680.43,38021.74,32304.35,29864.29,30657.5,31190,38076.19,35755.26,36600,32842.11,35000,38023.81,38210.53,38619.05,30428.57,30050,33636.36,33725,33818.18,35739.13,41380.95,32472.22,35795.45,38150,37333.33,34166.67,34428.57,30413.04,29454.55,28261.9,28636.36,34909.09,31400,29320,30664.29,31510.53,37714.29,37841.18
Lampung,Daging Ayam Ras,32793.48,33000,,34100,35857.14,37285.71,39968.75,,34900,32437.5,32045.45,34482.14,33772.73,32105.56,32005,34100,37625,37171.43,34378.26,34955.88,,34280.43,34628.57,33475,32016.18,32312.12,33519.74,29078.33,33204.76,38321.74,35084.78,32581.82,31153.75,32095.24,34590.48,35280,34425,33510.53,33631.82,36928.57,37780.56,37433.33,32266.67,31502.5,34861.36,35150,34361.36,35530.43,38045.24,33861.11,35500,37460,38533.33,36667.95,36507.14,34015.22,33945.45,32500,32422.73,34302.27,33402.38,32517.5,32976.19,34613.16,36811.9,37026.47
Bangka Belitung,Daging Ayam Ras,34184.78,33750,,37285.71,38375,32375,32466.67,,30250,30375,33295.45,32933.33,27500,26638.89,29675,43000,33000,32012.5,35958.7,31731.82,,27507.58,29736,33068.75,28315.31,22673.47,26388,22132.98,29764.29,33892.42,33443.55,25404.29,28516.3,29137.93,33548.39,34206.52,32633.93,26725.93,31803.03,35765.15,37312.5,36793.48,34343.75,30000,37548.21,37213.64,36568.75,40645.65,39319.05,36086.11,37209.09,39832.5,37950,40033.33,36726.19,33923.91,34886.36,31809.52,29970.45,35811.36,36557.14,30837.5,33309.52,34268.42,37145.24,40420.59
Kepulauan Riau,Daging Ayam Ras,36434.78,37000,,31440.48,31875,33250,36234.38,,36062.5,33875,36647.73,38117.65,40909.09,38555.56,37725,40750,42750,39944.44,37858.7,37027.78,,35315.22,37821.43,37125,38911.76,38848.48,36368.42,34800,36047.62,37445.65,37228.26,35170.45,34431.25,35431.82,35214.29,34618.42,41500,40815.79,36397.73,36523.81,39597.22,38452.38,40250,35487.5,35534.09,37825,35965.91,37315.22,38583.33,36347.22,36965.91,36812.5,38875,37498.72,36011.9,35054.35,35965.91,35464.29,35659.09,36750,38397.62,35172.5,36300,37181.58,39169.05,38991.18
DKI Jakarta,Daging Ayam Ras,31471.74,30800,,30992.86,35085.71,34266.67,31821.88,33450,31050,30637.5,30443.18,31253.57,31404.55,30660,30995,31550,31550,33427.78,30463.04,30159.38,,29882.61,30397.62,30818.75,30907.35,30609.09,30775,30686.67,34241.3,33632.61,32510.87,32363.64,31801.25,31705,33197.62,33832.5,32907.5,30639.47,30447.73,32614.29,33607.89,31704.76,30578.57,31442.5,31720.45,32230,32236.36,33300,34526.19,33650,33815.91,35547.5,35300,35767.95,35871.43,34986.96,33922.73,33447.62,34284.09,35070.45,35145.24,34842.5,34223.81,37028.95,37397.62,37100
Jawa Barat,Daging Ayam Ras,35423.91,34900,,34788.1,36250,37368.75,39106.25,37900,34100,34312.5,34206.82,36578.57,35186.36,33850,32725,34675,37000,35175,34580.43,34564.71,,33821.74,34716.67,34006.25,34309.52,34465.15,34538.75,32039.39,34373.91,38656.52,36406.52,32752.27,30595,31078.57,34126.19,34920,36142.5,34973.68,34797.73,38900,38200,35438.1,33742.86,33015,33700,34080,34377.27,35828.26,37592.86,34511.11,35941.67,38820,37028.79,37610.26,37397.62,35273.91,34800,33895.24,34220.45,35134.09,34754.76,34130,34609.52,37152.63,36840.48,39020.59
Jawa Tengah,Daging Ayam Ras,35204.35,32350,,33097.62,34435.71,36670,37221.88,,32350,32375,32861.36,34850,34318.18,32812.5,29852.5,33050,32950,44896.67,40802.22,32720.59,,32430.68,32965.85,31896.43,31333.82,32086.51,31514.38,28185.25,33414.29,37234.44,33905.56,29246.43,29539.24,29874.36,34250,34456.76,34007.35,32710.42,33704.69,37556.45,37920.69,33734.78,31431.25,33027.27,33195.65,33404.55,33738.89,34662.96,37213.04,33711.11,34684.09,38389.13,36338.33,37147.44,37571.43,35245.65,34159.09,32488.1,33113.64,34111.36,33366.67,32977.5,33566.67,37023.68,36490.48,39247.06
D.I. Yogyakarta,Daging Ayam Ras,34723.91,32975,,31830.95,33771.43,35930,36687.5,39000,32487.5,32062.5,32022.73,33500,34045.45,32105.56,31687.5,33000,34000,34865.63,33950,33043.75,,32691.3,33827.27,32781.25,31902.94,32769.7,32370.73,28471.43,34308.7,37876.09,34784,30791.3,30563.75,30710,33942.86,34642.11,35472.5,33868.42,34213.64,38880.95,38505.26,34616.67,32654.76,33095,33984.09,33952.5,34081.82,35910.87,38678.57,35352.78,35777.27,39712.5,37546.67,38401.28,38921.43,35547.83,34827.27,32988.1,33761.36,35034.09,33488.1,32987.5,33573.81,37489.47,36440.48,38820.59
Jawa Timur,Daging Ayam Ras,32782.61,32200,,31014.29,33871.43,35075,34460,,30500,30237.5,32584.09,33840,33468.18,32144.44,31597.5,33233.33,31700,32426.47,32032.22,32313.64,,31704.17,33204.76,30690,30505.88,32167.24,31115.79,26789.06,33945.65,36360.87,32910.87,27838.64,27507.5,27790.48,31864.29,33160,32202.5,30626.32,33020.45,36963.64,36260.53,31485.71,28240.48,30070,31302.27,32382.5,32693.18,33584.78,36657.14,31863.89,33388.64,36959.52,33795,35084.62,38507.14,33884.78,32427.27,30009.52,31154.55,32384.09,30809.52,30672.5,31092.86,34497.37,34809.52,37367.65
Banten,Daging Ayam Ras,36456.82,36300,,33826.19,36825,37892.86,39615.63,40500,36825,35350,35802.27,37336.67,36909.09,32888.89,33475,37000,35900,37442.86,35684.78,35467.5,,34590.32,36973.91,36150,33500,33632.35,33684.21,31338.89,35400,40345.65,36493.48,33700,31690,32611.9,34845.24,35677.5,34600,35315.79,36302.27,38188.1,40688.89,38533.33,37426.19,36310,35902.27,35932.5,35875,37269.57,38902.38,36986.11,38102.27,40165,39816.67,39158.97,38519.05,36686.96,35868.18,35428.57,35470.45,35750,35447.62,35682.5,36307.14,38178.95,38033.33,39661.76
Bali,Daging Ayam Ras,34647.83,34750,,37804.76,37535.71,36766.67,39868.75,40500,36187.5,34387.5,36813.64,40433.33,38306.82,37083.33,34862.5,35250,37750,36305,36755.56,36315.79,,35393.48,36757.14,36525,35002.94,36328.79,34647.37,30675,36641.3,41608.7,38717.39,30713.64,30527.5,29707.14,34742.86,37710,36567.5,33623.68,34950,42428.57,37855.26,35521.43,30247.62,31022.5,37322.73,36525,36272.73,36219.57,41292.86,35150,35388.64,40215,37506.67,37876.92,41050,37589.13,35420.45,34809.52,35006.82,36315.91,36371.43,34827.5,35478.57,37402.63,40173.81,41867.65
Nusa Tenggara Barat,Daging Ayam Ras,40289.13,36650,,41864.29,38818.75,38871.43,45834.38,,31112.5,42312.5,42888.64,43832.14,37765.91,34760,35707.5,37416.67,36900,41355.56,43113.04,36763.89,,42347.83,42590.48,39942.86,37435.29,38228.79,35215.79,35211.67,39021.43,45393.48,45486.96,36788.64,39607.5,41947.62,39954.76,42463.16,39492.5,38015.79,42781.82,44059.52,46433.33,46738.1,41147.62,39390,43534.09,43502.5,43593.18,42789.13,45378.57,41547.22,41240.91,45207.5,44096.67,44374.36,45766.67,43986.96,42795.45,42871.43,41781.82,43563.64,41078.57,35405,37238.1,43581.58,43442.86,44394.12
Nusa Tenggara Timur,Daging Ayam Ras,42391.3,42500,,29007.14,29400,28975,37812.5,40000,44375,40625,38465.91,42232.14,50000,48625,47175,35000,30500,37894.44,41143.48,38177.78,,40619.57,39785.71,45750,39752.94,39715.15,33311.84,41240,38026.32,43171.74,50056.52,44859.09,43608.75,41642.86,45050,45217.5,34990,35000,41720.45,45700,44533.33,43142.86,42980.95,39675,43779.55,47275,46488.64,44260.87,43028.57,43394.44,48775,52472.5,52961.67,46794.87,42652.38,45578.26,43320.45,42216.67,41456.82,42815.91,42966.67,44477.5,44319.05,44721.05,41985.71,43776.47
Kalimantan Barat,Daging Ayam Ras,31028.26,28100,,32792.86,33857.14,38007.14,33683.33,41000,31837.5,30487.5,31000,33700,33600,26666.67,25710,36450,32000,35293.75,34186.96,32488.24,,33821.74,35707.14,33150,31573.53,35348.48,32178.95,28296.67,31175,44341.3,39843.48,32809.09,33086.25,35465.91,42002.38,38447.5,33200,33868.42,32670.45,35938.64,38576.32,43114.29,37447.62,33007.5,36770.45,40280,37627.27,35063.04,36859.52,39952.78,38897.73,38270,37456.67,40855.13,38919.05,35776.09,38843.18,38471.43,36484.09,37868.18,38161.9,36615,35480.95,36897.37,37495.24,41585.29
Kalimantan Tengah,Daging Ayam Ras,32858.7,30500,,33738.1,37464.29,40041.67,38906.25,35750,32375,38250,32125,37285.71,40272.73,34222.22,34950,37250,37000,35134.62,34069.77,32106.06,,32534.48,40064.29,42218.75,36625,40545.45,37881.58,28860,33409.52,45880.43,38554.35,29454.55,29000,31500,34238.1,34921.05,34150,38684.21,38704.55,33166.67,38094.74,41154.76,38511.9,33050,37386.36,40912.5,40306.82,35619.57,40011.9,41430.56,38852.27,40100,40591.67,42980.77,35202.38,35021.74,38084.09,39447.62,38261.36,38354.55,38261.9,37175,35571.43,35210.53,39154.76,40338.24
Kalimantan Selatan,Daging Ayam Ras,28763.04,26025,,28004.76,31528.57,31733.33,31083.33,,27975,30975,27415.91,29653.33,32427.27,30757.14,28745,31050,33500,29327.78,29505.77,27968.42,,24745.35,34229.17,30355,30665.08,33158.75,37035.58,27946.97,34903.57,47959.78,44050,37565.12,34959.38,38862.82,44702.38,40230.56,40770.97,37122.73,35888.64,34221.74,39165.79,41320.45,39141.3,35222.5,38113.64,42200,40636.96,37272.92,38014.29,38700,36959.09,37697.5,39158.33,40844.87,36461.9,35023.91,35165.91,37216.67,36443.18,36475,36519.05,36932.5,36102.38,35097.37,37269.05,38573.53
Kalimantan Timur,Daging Ayam Ras,29178.26,27000,,30204.76,34835.71,35285.71,30700,38000,27987.5,30287.5,26165.91,30103.57,31027.27,27392.86,28047.5,30150,29000,28280,29063.04,27832.35,,28680.43,30483.33,30028.57,27964.71,30521.21,27869.74,23290,27328.26,33723.91,31213.04,25618.18,24830,25745.24,30823.81,28732.5,27652.5,31168.42,28813.64,27625,29984.21,31883.33,29150,25832.5,28811.36,32475,32745.45,30385.42,30883.33,31436.11,30506.82,31687.5,30291.67,33400,31490.48,30002.17,30204.55,33433.33,34354.55,34488.64,34166.67,34815,34959.52,34765.79,35890.48,38023.53
Kalimantan Utara,Daging Ayam Ras,41065.22,38000,,40404.76,39642.86,40833.33,47766.67,51500,43750,43000,39431.82,42625,49363.64,42111.11,39125,42000,43500,42156.25,41532.61,42985.29,,36228.26,39619.05,46214.29,38156.25,41727.27,39710.53,30883.33,35833.33,43195.65,46695.65,38079.55,38106.25,36035.71,37309.52,41578.95,34550,40157.89,43738.64,42000,44236.84,45916.67,44023.81,38400,42863.64,40925,46590.91,45782.61,44476.19,45305.56,45579.55,43512.5,46158.33,49461.54,46440.48,41532.61,45261.36,42571.43,43625,48102.27,48697.62,46655,45307.14,46402.63,44580.95,53961.76
Sulawesi Utara,Daging Ayam Ras,28130.43,27000,,27380.95,30428.57,34857.14,34281.25,35500,34250,29375,32250,37066.67,33886.36,31781.25,30912.5,33000,34000,36187.5,32826.09,33558.82,,31000,31380.95,33428.57,30735.29,31227.27,29210.53,25775,25380.43,30489.13,33489.13,30045.45,28350,30130.95,32428.57,35125,35500,35578.95,31829.55,34226.19,33881.58,33535.71,33642.86,31160,29659.09,32725,32443.18,32989.13,31083.33,32194.44,31488.64,32912.5,35558.33,33634.62,34328.57,33928.26,31902.27,29202.38,30102.27,32477.27,31785.71,30280,29952.38,30907.89,30916.67,32014.71
Sulawesi Tengah,Daging Ayam Ras,25478.26,25250,,27095.24,30514.29,29000,31671.88,,26625,20000,30397.73,33232.14,33136.36,31750,25257.5,28000,,28068.75,28026.09,28679.41,,25623.91,26623.81,28162.5,30448.53,30575.76,25339.47,23883.33,23921.74,28445.65,30473.91,29484.09,28487.5,29807.14,30542.86,31437.5,33660,28323.68,28106.82,31188.1,32113.16,29633.33,29502.38,28067.5,29759.09,29545,32977.27,33293.48,35192.86,33886.11,32131.82,33487.5,36658.33,35447.44,32742.86,31017.39,30997.73,30514.29,31372.73,34138.64,34828.57,33355,31769.05,35847.37,33928.57,36552.94
Sulawesi Selatan,Daging Ayam Ras,25139.13,24750,,25221.43,27757.14,29916.67,31996.88,,30075,26400,29279.55,30933.33,29415.91,25443.75,24195,25200,,28906.25,25991.3,26397.5,,26287.88,28742,29025,25939.71,23856.06,24014.47,23000,25026.19,31943.18,31273.91,25230.95,24647.5,27390.91,28430.95,29172.5,27532.5,26584.21,26293.18,27700,30800,30514.29,26552.38,24710,25525,27762.5,28031.82,26667.39,30078.57,31594.44,30784.09,33204.76,35995,30891.03,31580.95,26669.57,26590.91,25633.33,26836.36,27345.45,27990.48,26185,26797.62,28394.74,29335.71,32444.12
Sulawesi Tenggara,Daging Ayam Ras,32071.74,31950,,35121.43,35642.86,37912.5,36609.38,38850,38912.5,38925,36547.73,38813.33,32188.64,29822.22,29047.5,33950,,33314.29,32739.13,33003.13,,31620.83,33773.81,34100,29985.29,29589.39,29539.47,30701.67,35852.38,35804.35,36406.52,38006.82,34000,34566.67,34795.24,35685,32830,33755.26,34200,35071.43,37766.67,36452.38,35657.14,34492.5,34606.82,34887.5,35884.09,34621.74,35161.9,34691.67,33877.27,35850,39250,42373.08,42380.95,40071.74,39534.09,39673.81,40015.91,40056.82,40233.33,40070,40228.57,41678.95,37885.71,40347.06
Gorontalo,Daging Ayam Ras,31108.7,28000,,28428.57,32000,33428.57,34000,36000,34000,34000,34000,35333.33,34681.82,34000,34000,34000,,35125,32206.52,33263.89,,27280,28523.81,34000,28352.94,31000,31000,29800,26750,30869.57,31282.61,30500,26175,28625,29226.19,29812.5,28687.5,29210.53,27736.36,28397.62,28333.33,27107.14,28533.33,28750,28222.73,29375,28068.18,30163.04,29404.76,31388.89,31263.64,31702.5,33333.33,31762.82,32380.95,33532.61,32045.45,30761.9,30113.64,30000,29880.95,27500,28309.52,28573.68,27952.38,27426.47
Sulawesi Barat,Daging Ayam Ras,24000,24000,,23333.33,24857.14,27142.86,30000,,30000,27500,27840.91,30000,30000,30000,28100,28000,29000,32222.22,30000,30588.24,,30108.7,31547.62,32500,30588.24,30000,30592.11,27615.63,23043.48,30000,32478.26,29090.91,25425,30000,30000,31100,32000,27368.42,24636.36,25571.43,27368.42,31619.05,31095.24,23000,21954.55,26850,25000,25000,26523.81,27000,25272.73,30450,37316.67,33974.36,29333.33,26391.3,25000,25000,25000,25272.73,30380.95,24900,25523.81,28052.63,31428.57,34000
Maluku,Daging Ayam Ras,40052.17,33000,,39157.14,38162.5,43560,48306.67,,51500,44250,41136.36,40735.71,35340.91,35000,35000,46500,46500,41305.56,43195.65,42955.88,,38851.19,39669.12,41818.75,36133.82,36000,36000,42930,41739.13,43891.3,42600,42275,41877.5,37961.9,39328.57,40950,34167.5,34934.21,35059.09,39535.71,41157.89,41223.81,39090.48,37695,36972.73,38095,39150,39628.26,41530.95,42783.33,42156.82,42455,42206.67,42823.08,42900,42150,42061.36,42445.24,41900,41945.45,40259.52,39200,39045.24,38918.42,38830.95,39561.76
Maluku Utara,Daging Ayam Ras,34897.83,36000,,37752.38,38985.71,40142.86,45703.13,43300,43525,42900,43272.73,43100,43654.55,43688.89,43300,42375,,43100,43300,43202.94,,43265.22,43185.71,39025,42601.47,42407.58,41476.32,42050,40886.96,41215.22,41913.04,41222.73,39283.75,40082.5,41661.9,39000,39000,38857.89,39000,40864.29,40818.42,40419.05,41942.86,40590,39900,39452.5,40897.73,41791.3,42678.57,43416.67,42129.55,43442.86,42860,44561.54,43116.67,41436.96,40711.36,40623.81,39418.18,40659.09,39271.43,40242.5,44080.95,46331.58,44854.76,44505.88
Papua Barat,Daging Ayam Ras,41956.52,45000,,38154.76,41428.57,43593.75,40000,,42500,40125,41590.91,43071.43,45954.55,41000,39387.5,39000,,42527.78,39304.35,38250,,37500,37619.05,37500,40000,41893.94,42243.59,38640.63,44043.48,44673.91,42500,41000,37500,37619.05,37440.48,38125,43325,40986.84,41488.64,41190.48,42839.47,42857.14,41785.71,42162.5,42500,42065,42500,42391.3,42619.05,44194.44,44034.09,44717.5,45533.33,44358.97,45000,45000,45000,44940.48,45000,44761.36,44892.86,45150,45333.33,45447.37,45619.05,45544.12
Papua,Daging Ayam Ras,42282.61,40000,,40000,40714.29,41428.57,40000,40000,40000,40000,40454.55,40000,40000,40000,40040,40000,38650,42687.5,39486.96,40694.12,,40091.3,41942.86,42142.86,41470.59,40400,40000,46381.67,49139.13,50626.09,50028.26,49090.91,51942.5,50819.05,49028.57,46975,34610,35000,36159.09,37445.45,40286.84,37614.29,37809.52,37350,36620.45,36650,36650,37108.7,37600,39830.56,37963.64,38732.5,39831.67,41284.62,40650,40363.04,39686.36,40180.95,39090.91,39856.82,40100,40667.5,39702.38,39715.79,38657.14,40164.71
